{
  "interactableList": [
    {
      "interactableType": "chest",
      "itemsNeededToUse": [
      ],
      "containedItems": [
        "15e3bed0-0a26-4006-a42e-7ed4f509885f",
        "9d5ec29d-31a8-49e5-a190-000faa6e1b85"
      ],
      "endGame": false,
      "alias": [
        "cassetto"
      ],
      "id": "dd162e26-1bad-4e26-bf33-a0750f59ce05",
      "name": "Comodino",
      "description": "Un comodino con un cassetto!",
      "afterUsed": "*TRRRR* Cassetto aperto!"
    },
    {
      "interactableType": "door",
      "itemsNeededToUse": [
        "9d5ec29d-31a8-49e5-a190-000faa6e1b85"
      ],
      "containedItems": [
      ],
      "endGame": false,
      "alias": [
      ],
      "id": "bfa63d12-e592-44af-8fe4-cffb4712245f",
      "name": "Porta",
      "description": "Una porta blindata. Qualcosa potrebbe aprirla... Noti una targhetta. C'è scritto 'Cella 221B'",
      "afterUsed": "*SWUOOH* Porta aperta! Puoi avanzare nella prossima stanza..."
    },
    {
    "interactableType": "doorGuessingGame",
    "guessingGameId": "5ff60e9d-7836-4a50-88af-6f83df2f5939",
    "itemsNeededToUse": [
    ],
    "containedItems": [
    ],
    "endGame": false,
    "alias": [
    ],
    "id": "d43f3425-0265-47bf-bb75-12c1a55290d4",
    "name": "Porta Direttore",
    "description": "Una porta blindata. Qualcosa potrebbe aprirla...Noti una targhetta. C'è scritto 'Stanza del direttore'",
    "afterUsed": "*SWOOSH* Porta aperta! Puoi avanzare nella prossima stanza..."
    },
    {
      "interactableType": "doorGuessingGame",
      "guessingGameId": "2fbf2390-299a-4406-95c5-42d05c1ded64",
      "itemsNeededToUse": [
      ],
      "containedItems": [
      ],
      "endGame": false,
      "alias": [
      ],
      "id": "c5583307-49ec-441d-aa9a-4f3a570549e5",
      "name": "Porta Pippo",
      "description": "Una porta con uno strano meccanismo di sblocco...Noti una targhetta. C'è scritto 'Zona 1D'",
      "afterUsed": "*SWOOSH* Porta aperta! Puoi avanzare nella prossima stanza..."
    },
    {
      "interactableType": "doorGuessingGame",
      "guessingGameId": "5236bc8e-7a67-4de0-a84c-3102e65b5568",
      "itemsNeededToUse": [
      ],
      "containedItems": [
      ],
      "endGame": false,
      "alias": [
      ],
      "id": "181d950b-6965-4422-949e-2edeb7e03cfd",
      "name": "Porta Evento Finale",
      "description": "Una porta con uno strano meccanismo di sblocco... Noti una targhetta. C'è scritto 'Sala di comando'\"",
      "afterUsed": "*SWOOSH* Porta aperta! Puoi avanzare nella prossima stanza..."
    },
    {
      "interactableType": "chest",
      "itemsNeededToUse": [
      ],
      "containedItems": [
        "9144a34a-9fb5-4fff-b68a-4cfc3f95bcd5"
      ],
      "endGame": false,
      "alias": [
        "corpo",
        "morto"
      ],
      "id": "e0441288-a78c-42c7-b343-0b7358617957",
      "name": "Cadavere",
      "description": "Chissà cosa gli sarà successo...",
      "afterUsed": "*KR KR* Sembra essere ancora caldo..."
    },
    {
      "interactableType": "door",
      "itemsNeededToUse": [
        "9b0c65f6-9653-4cf9-b5d8-2b3b5715d624"
      ],
      "containedItems": [
      ],
      "endGame": false,
      "alias": [
      ],
      "id": "20070cbd-e100-4f46-ba3e-279257598a86",
      "name": "Cella222B",
      "description": "Una porta blindata. Qualcosa potrebbe aprirla...Noti una targhetta. C'è scritto 'Cella 222B'",
      "afterUsed": "*SWOOSH* Porta aperta! Puoi avanzare nella prossima stanza..."
    },
    {
      "interactableType": "chestGuessingGame",
      "guessingGameId": "273da62b-684e-4bce-9ad3-26a90ee12089",
      "itemsNeededToUse": [
      ],
      "containedItems": [
        "95e22959-004e-4dea-9440-29f391fbae73",
        "01f1733d-47f6-4eec-8d57-645612859e23"
      ],
      "endGame": false,
      "alias": [
        "cassa"
      ],
      "id": "2382039d-b1f1-4fc2-8dbf-db0e7a6b90d5",
      "name": "Cassaforte",
      "description": "Una cassaforte, per aprirla richiede una password!",
      "afterUsed": "*KRUN KRUN* Hai preso tutti gli item nella cassaforte!"
    },
    {
      "interactableType": "switchOnLight",
      "itemsNeededToUse": [
        "9144a34a-9fb5-4fff-b68a-4cfc3f95bcd5"
      ],
      "containedItems": [
      ],
      "endGame": false,
      "alias": [
      ],
      "id": "9e71b832-06bd-4730-acd2-29487ad76ea9",
      "name": "StanzaTetra1",
      "description": "",
      "afterUsed": "A primo impatto sembra una cella uguale alle precedenti."
    },
    {
      "interactableType": "switchOnLight",
      "itemsNeededToUse": [
        "9144a34a-9fb5-4fff-b68a-4cfc3f95bcd5"
      ],
      "containedItems": [
      ],
      "endGame": false,
      "alias": [
      ],
      "id": "9c48b6c1-c1f2-492d-a515-5479687a127c",
      "name": "StanzaTetra3",
      "description": "",
      "afterUsed": "A primo impatto sembra una cella uguale alle precedenti, c'è un forte odore di cadaveri in putrefazione."
    },
    {
      "interactableType": "chest",
      "itemsNeededToUse": [
      ],
      "containedItems": [
        "5e849b0b-3fc4-413b-919a-28ff3485b850",
        "a8f93b58-1ce7-45fb-895e-733ddadcd168"
      ],
      "endGame": false,
      "alias": [
        "scrigno",
        "vecchio baule"
      ],
      "id": "1ea9c42b-7987-41d0-9a2a-d105cbdfc050",
      "name": "Baule",
      "description": "Un baule, sembra davvero vecchio...",
      "afterUsed": "*GNNNN* Baule aperto!"
    },
    {
      "interactableType": "door",
      "itemsNeededToUse": [
        "a8f93b58-1ce7-45fb-895e-733ddadcd168"
      ],
      "containedItems": [
      ],
      "endGame": false,
      "alias": [
      ],
      "id": "574d2776-8e7e-4101-af3c-e5684f454783",
      "name": "Cella225B",
      "description": "Una porta blindata. Qualcosa potrebbe aprirla... Noti una targhetta. C'è scritto 'Cella 225B'",
      "afterUsed": "*SWOOSH* Porta Aperta! Puoi avanzare nella prossima stanza..."
    },
    {
      "interactableType": "switchOnLight",
      "itemsNeededToUse": [
        "9144a34a-9fb5-4fff-b68a-4cfc3f95bcd5"
      ],
      "containedItems": [
      ],
      "endGame": false,
      "alias": [
      ],
      "id": "c8bf59e9-7e9c-4bc2-97a7-c4e71e671f33",
      "name": "StanzaTetra2",
      "description": "",
      "afterUsed": "Una tv spenta al centro della stanza..."
    },
    {
      "interactableType": "chest",
      "itemsNeededToUse": [
      ],
      "containedItems": [
        "477dbbe8-913a-4029-9e8c-83e0752b127d",
        "74e2c786-7582-4e56-89d4-5d3e20630fa0"
      ],
      "endGame": false,
      "alias": [
        "valigetta"
      ],
      "id": "5bad8f54-1754-4a33-a973-0c3fbc4c135a",
      "name": "Valigia",
      "description": "Una valigia in pelle...",
      "afterUsed": "*KRUK* Valigia aperta!"
    },
    {
      "interactableType": "chest",
      "itemsNeededToUse": [
        "95e22959-004e-4dea-9440-29f391fbae73"
      ],
      "containedItems": [
        "23f61a48-b4ca-4f8e-9b02-c3c88ac17d34"
      ],
      "endGame": false,
      "alias": [
        "cover"
      ],
      "id": "34b00119-659a-4a1f-9166-d586764ee508",
      "name": "Custodia",
      "description": "",
      "afterUsed": "*SQUIS* La custodia si è lacerata!"
    },
    {
      "interactableType": "chest",
      "itemsNeededToUse": [
      ],
      "containedItems": [
        "dc55c4ef-59db-46b8-9c75-285cef6402f0",
        "0fcff3ce-712b-4e51-9db4-9633fec37e35",
        "cd4bdae2-ac05-4f1d-b3d9-5a5993f269dc",
        "ec749676-742a-47bc-810f-e033309cda10",
        "bdfd4755-d983-4b92-be11-3b2a84199a16"
      ],
      "endGame": false,
      "alias": [
        "borsa",
        "borsello nero",
        "borsello nero in pelle",
        "borsello nero di pelle",
        "borsello in pelle"
      ],
      "id": "e9297d9b-ae02-41a6-85c2-b4637f6aecac",
      "name": "Borsello",
      "description": "Il borsello del direttore...",
      "afterUsed": "*SNICKT* Borsello aperto!"
    },
    {
      "interactableType": "switchOnLight",
      "itemsNeededToUse": [
        "3970fa72-b4bb-4758-950b-6b811416dbb9"
      ],
      "containedItems": [
      ],
      "endGame": true,
      "guessingGame": {
      },
      "alias": [
      ],
      "id": "ac91d441-f3d0-4844-a961-f56d3519811c",
      "name": "Finale 1",
      "description": "",
      "afterUsed": "*SWOOSH* La porta si apre...\n\nEurus: “NO! Fermati, aspetta!”\n\nLa mia strategia di ingannarla tentando il suicidio come mi consigliava quella nota, aveva funzionato.\n\n*PEW* \n\n\u003c\u003cL’hai colpita\u003e\u003e\n\nEurus: “Non doveva finire così… Dovevate essere voi a morire...”\n\nCromyft:”Hai fallito, sorellina”\n\n...\n\nNostaw: “Oltre la porta intravedo l’uscita.”\n\nCromyft: “Andiamo via. Fuori di qui vi racconterò tutto!”.\n\nGAME OVER!"
    },
    {
      "interactableType": "switchOnLight",
      "itemsNeededToUse": [
        "bdfd4755-d983-4b92-be11-3b2a84199a16"
      ],
      "containedItems": [
      ],
      "endGame": true,
      "guessingGame": {
      },
      "alias": [
      ],
      "id": "30813974-9dc8-4d09-b6a4-3e93e87395b2",
      "name": "Finale 2",
      "description": "",
      "afterUsed": "*THUMP THUMP* Vedi i tuoi amici accasciarsi al suolo.\n\nNon è possibile, non ci credo ancora di averlo fatto.\n\n*SWOOSH* La porta si apre.\n\n“Alla fine hai scelto. Era tutto un test, questo gioco, questo posto… Dovevo vedere fino a che punto ti saresti spinto pur di salvarti. Però l’egoismo di portare a casa la pelle ha preso il sopravvento ed hai ucciso i tuoi compagni di viaggio. Lo stesso egoismo di tuo fratello che mi rinchiuse qui quando ero solo una bambina, isolandomi dal resto del mondo. Hai fallito ed io ho avuto la mia vendetta!”\n\n*PEW* \n\n*THUMP THUMP* Cadi al suolo...\n\nGAME OVER!"
    },
    {
      "interactableType": "door",
      "itemsNeededToUse": [
        "23f61a48-b4ca-4f8e-9b02-c3c88ac17d34"
      ],
      "containedItems": [
      ],
      "endGame": false,
      "alias": [
      ],
      "id": "afd60cd7-5da0-4104-ac9d-1ca506baa678",
      "name": "Porta puzzle",
      "description": "Una porta cosparsa di sangue, di chi sarà? Per passare richiede di risolvere un puzzle. Manca un pezzo!",
      "afterUsed": "*SWOOSH* Porta aperta! Puoi avanzare nella prossima stanza..."
    },
    {
      "interactableType": "door",
      "itemsNeededToUse": [
        "d60c9e24-3088-44c4-b21c-feb999227e57"
      ],
      "containedItems": [
      ],
      "endGame": false,
      "alias": [
      ],
      "id": "b34b3e7d-b887-489b-808e-66b309de560b",
      "name": "Porta con Serratura",
      "description": "Una porta con una strana serratura...",
      "afterUsed": "*SWOOSH* Porta aperta! Puoi avanzare nella prossima stanza..."
    },
    {
      "interactableType": "chest",
      "itemsNeededToUse": [
      ],
      "containedItems": [
        "9b0c65f6-9653-4cf9-b5d8-2b3b5715d624",
        "d60c9e24-3088-44c4-b21c-feb999227e57"
      ],
      "endGame": false,
      "alias": [
      ],
      "id": "1d2b8a0d-3fc6-43e2-bd56-ad23365f3363",
      "name": "Armadio",
      "description": "Un armadio enorme!",
      "afterUsed": "*TRRRAM* Armadio aperto!"
    }
  ]
}