{
  "gameName": "Eurus",
  "prologue": "\n ______     __  __     ______     __  __     ______    \n/\\  ___\\   /\\ \\/\\ \\   /\\  \u003d\u003d \\   /\\ \\/\\ \\   /\\  ___\\   \n\\ \\  __\\   \\ \\ \\_\\ \\  \\ \\  __\u003c   \\ \\ \\_\\ \\  \\ \\___  \\  \n \\ \\_____\\  \\ \\_____\\  \\ \\_\\ \\_\\  \\ \\_____\\  \\/\\_____\\ \n  \\/_____/   \\/_____/   \\/_/ /_/   \\/_____/   \\/_____/ \n\nE’ una giornata tranquilla, ed hai invitato il tuo migliore amico Nostaw a casa tua per il solito tè delle cinque. Parlando del più e del meno…\n\n*TRIIIIN* Suono del citofono…\n\nDal videocitofono ti accorgi che è tuo fratello Cromyft.\n“È James Bond!”, esclama Nostaw vedendolo anche lui. Tuo fratello, infatti, fa parte dei servizi segreti inglesi.\n“Non vorrai farlo spazientire…”, aggiunge sarcasticamente.\n\n…\n\nVisibilmente agitato, non appena fa il suo ingresso in casa, esclama: “C’è qualcuno che mi sta seguendo…non so chi, aiutami a nasconder…”\nNon riesce a finire la frase. *CRAAACK* Il rumore del vetro che si infrange cattura la vostra attenzione. E’ una granata!\n*BOOOOM* C’è un rumore assordante e perdi i sensi.\n\n…\n\nTi risvegli in una cella. Non sai come sei arrivato lì. Affianco a te ci sono Cromyft e Nostaw.\n",
  "lato": 4,
  "startPositionRiga": 0,
  "startPositionColonna": 1
}